{"cameraMode":{"drawMode":0,"name":"Shaded","section":"Shading Mode"},"sceneLighting":true,"audioPlay":false,"sceneViewState":{"showFog":true,"showMaterialUpdate":true,"showSkybox":true,"showFlares":true,"showImageEffects":true,"showParticleSystems":true},"in2DMode":false,"pivot":{"x":7.062553405761719,"y":12.686079025268555,"z":65.77787017822266},"rotation":{"x":-0.2115716189146042,"y":0.27450335025787356,"z":-0.062051914632320407,"w":-0.9359726309776306},"size":0.5715767741203308,"orthographic":false}