{"cameraMode":{"drawMode":0,"name":"Shaded","section":"Shading Mode"},"sceneLighting":true,"audioPlay":false,"sceneViewState":{"showFog":true,"showMaterialUpdate":true,"showSkybox":true,"showFlares":true,"showImageEffects":true,"showParticleSystems":true},"in2DMode":false,"pivot":{"x":59.964576721191409,"y":26.762269973754884,"z":55.18406677246094},"rotation":{"x":-0.0031091957353055479,"y":0.9966186285018921,"z":-0.04518736153841019,"w":-0.06857457011938095},"size":10.0,"orthographic":false}