{"cameraMode":{"drawMode":0,"name":"Shaded","section":"Shading Mode"},"sceneLighting":true,"audioPlay":false,"sceneViewState":{"showFog":true,"showMaterialUpdate":true,"showSkybox":true,"showFlares":true,"showImageEffects":true,"showParticleSystems":true},"in2DMode":false,"pivot":{"x":6.847078800201416,"y":6.821294784545898,"z":-17.543737411499025},"rotation":{"x":0.1576962023973465,"y":-0.21554408967494965,"z":0.03529452160000801,"w":0.9630300998687744},"size":0.5715767741203308,"orthographic":false}