{"cameraMode":{"drawMode":0,"name":"Shaded","section":"Shading Mode"},"sceneLighting":true,"audioPlay":false,"sceneViewState":{"showFog":false,"showMaterialUpdate":false,"showSkybox":false,"showFlares":false,"showImageEffects":false,"showParticleSystems":true},"in2DMode":false,"pivot":{"x":-18.614093780517579,"y":26.772783279418947,"z":-41.19031524658203},"rotation":{"x":0.20803768932819367,"y":0.36991384625434878,"z":-0.08536963164806366,"w":0.9014411568641663},"size":1.1431535482406617,"orthographic":false}